Dataset Name, Population size, Max Generations, TS, Init_dept_low, Init_depth_high, crossover, subtree mutation, Hoist mutation, Point mutation, stopping criteria, max Samples, ConstRange_low, ConstRange_high, parsimony coeff, MeanACC, StdACC, MeanAUC, StdAUC, MeanPrecision, StdPrecision, MeanRecall, StdRecall, MeanF1Score, StdF1Score, depthSE1, depthSE2, depthSE3,  depthSE4, depthSE5, lengthSE1, lengthSE2, lengthSE3,  lengthSE4, lengthSE5
MaxAbsScaler + ADASYN_CLASS_0,564,298,374,3,8,0.004606994,0.954700588,0.034499168,0.005560719,0.000361,0.997419088,-163.0499597,709.0316604,5.13E-10,0.846354167,0.033854167,0.843783264,0.036361796,0.793335113,0.036286989,0.944412809,0.016593962,0.861515566,0.028415099,20,38,20,24,35,176,174,147,167,276
MaxAbsScaler +  BorderlineSMOTE_Class_0,585,234,434,4,17,0.005590552,0.953815348,0.031665704,0.008639549,0.000702,0.998736721,-54.29424521,199.7802227,3.33E-10,0.826086957,0.065217391,0.824346799,0.065369009,0.776854195,0.06183551,0.927023459,0.049338159,0.844037841,0.057678358,48,38,37,33,31,477,507,423,374,356
MaxAbsScaler + SMOTE_Class_0,780,210,350,7,9,0.014382007,0.965446506,0.006279282,0.013360014,0.00065,0.995355108,-998.2814439,971.349345,6.53E-10,0.82826087,0.058695652,0.829201403,0.060376727,0.786741696,0.058992778,0.8918491,0.049299316,0.833239249,0.056058816,45,52,25,39,35,397,410,191,206,319
MaxAbsScaler + SVMSMOTE_Class_0,952,229,487,4,9,0.008675314,0.960062989,0.010867222,0.020144644,0.000407,0.991178239,-241.5373211,633.8024408,5.95E-10,0.818478261,0.05326087,0.819825416,0.05389801,0.763881452,0.048620732,0.930851081,0.044417514,0.835445918,0.048639458,18,29,21,21,20,172,707,291,207,303
MinMaxScaler + ADASYN_CLASS_0,871,285,321,3,9,0.005113323,0.980181635,0.009627759,0.00440179,0.000491,0.999755799,-794.0306931,411.4946449,5.41E-10,0.816111111,0.060555556,0.813064492,0.060282772,0.771466051,0.06426487,0.91962687,0.032768284,0.837083186,0.05220422,27,17,30,35,27,201,227,294,180,299
MinMaxScaler +  BorderlineSMOTE_Class_0,593,287,391,5,18,0.014680937,0.961599684,0.010616479,0.012569444,0.000348,0.998999817,-697.6986957,559.9437646,4.38E-10,0.838586957,0.064673913,0.844767279,0.058844771,0.813490838,0.063305653,0.87975511,0.052145682,0.839549264,0.063277088,47,44,41,44,37,490,885,596,706,197
MinMaxScaler + KMeansSMOTE_Class_0,715,267,302,3,7,0.008814441,0.950474041,0.034760826,0.005761856,0.000764,0.999732571,-67.100733,886.3320122,4.96E-10,0.88423913,0.0625,0.882028175,0.064743663,0.872851715,0.06887678,0.908379617,0.043918688,0.888769535,0.058094963,24,33,34,19,26,152,248,483,174,160
MinMaxScaler + SMOTE_Class_0,963,266,439,6,9,0.006706529,0.950700501,0.008574753,0.03320675,0.000768,0.996544846,-13.77545852,101.3449496,5.61E-10,0.856521739,0.047826087,0.858744843,0.043310124,0.843705173,0.044893006,0.898226799,0.037868639,0.863181932,0.047636576,27,30,42,44,24,278,356,379,288,166
MinMaxScaler + SVMSMOTE_Class_0,895,292,382,7,10,0.002143669,0.969437328,0.006599082,0.02164826,0.000206,0.990310011,-258.3968373,46.59534078,4.33E-10,0.860326087,0.069021739,0.861148672,0.070455597,0.835188805,0.061152797,0.877779451,0.076761194,0.852455966,0.071966853,36,31,30,45,27,320,279,378,436,306
Normalizer + ADASYN_CLASS_0,652,204,427,5,7,0.007547912,0.96106017,0.014334422,0.016341755,0.000841,0.997598098,-113.6400433,640.7862674,7.64E-10,0.778656418,0.056530814,0.787021555,0.048522797,0.724193829,0.054457239,0.923347431,0.014637622,0.804770926,0.04489042,47,6,26,19,28,265,13,287,253,293
Normalizer +  BorderlineSMOTE_Class_0,619,295,322,7,9,0.001022301,0.96839414,0.019870421,0.010294854,0.000807,0.992820539,-85.26630737,917.2565663,6.61E-10,0.772282609,0.05923913,0.775519257,0.059410897,0.712310257,0.051266944,0.881242012,0.066107332,0.7861092,0.058399875,34,34,31,49,24,291,460,274,344,302
Normalizer + KMeansSMOTE_Class_0,885,221,494,7,9,0.02298555,0.955231107,0.012721131,0.008469342,0.000754,0.991336413,-553.7242682,807.4696433,3.62E-10,0.810326087,0.049456522,0.807670163,0.05261421,0.811339263,0.067373283,0.81463971,0.027472009,0.806093955,0.04798894,39,19,47,48,27,248,142,462,423,162
Normalizer + SMOTE_Class_0,879,285,471,5,11,0.008591854,0.964496655,0.002716581,0.023731456,0.000947,0.99040431,-520.8913497,649.5664552,7.81E-10,0.863586957,0.033152174,0.862788654,0.032330033,0.828320238,0.035069079,0.931281018,0.021444761,0.874491214,0.030465366,27,34,33,27,32,242,210,444,310,362
Normalizer + SVMSMOTE_Class_0,934,236,442,7,18,0.025134233,0.962602448,0.006961514,0.004353169,0.000772,0.992033045,-975.1180242,680.4351403,1.75E-10,0.810326087,0.049456522,0.795750408,0.05348002,0.766764956,0.045932903,0.944257955,0.033634607,0.843665869,0.041095642,27,44,40,47,53,272,696,189,691,529
PowerTransformer + ADASYN_CLASS_0,861,237,276,7,14,0.012108498,0.960541553,0.025437498,0.001882104,0.000327,0.998525033,-233.5083743,8.937953071,7.75E-10,0.83423913,0.021195652,0.830327115,0.022895612,0.788029651,0.023360987,0.927984658,0.005789564,0.851534365,0.016579869,68,52,50,29,50,801,527,258,105,421
PowerTransformer +  BorderlineSMOTE_Class_0,629,203,467,7,12,0.003694802,0.961935532,0.020811344,0.013102353,0.000432,0.993998546,-118.4634381,673.5575859,3.13E-10,0.832065217,0.053804348,0.834015339,0.051521848,0.832221795,0.052599784,0.845250089,0.049357749,0.833450139,0.054186698,23,21,21,42,56,181,238,206,509,260
PowerTransformer + KMeansSMOTE_Class_0,717,287,453,4,16,0.009496664,0.960801399,0.002834125,0.026834379,0.000496,0.998555848,-944.2556938,468.6578011,7.16E-10,0.880978261,0.05923913,0.883625189,0.056238551,0.881579138,0.067638224,0.88623941,0.043759629,0.880977536,0.058418988,36,34,34,37,27,421,563,317,350,388
PowerTransformer + SMOTE_Class_0,619,258,445,4,7,0.006353152,0.950199341,0.039265149,0.00330704,0.000944,0.994590144,-341.3138754,363.4197501,3.05E-10,0.82826087,0.063043478,0.829524226,0.062608975,0.798931389,0.073127674,0.86955046,0.044074269,0.829145216,0.060970751,20,23,25,16,18,141,122,223,97,57
PowerTransformer + SVMSMOTE_Class_0,514,268,326,6,18,0.009352247,0.957285916,0.018257234,0.014993141,0.000531,0.996249606,-187.4722025,785.7012889,1.62E-10,0.804891304,0.048369565,0.801610857,0.050103713,0.774440039,0.050131519,0.886597498,0.022322366,0.824461552,0.039417357,38,40,20,32,41,496,288,80,277,353
RobustScaler + ADASYN_CLASS_0,597,291,362,5,16,0.006688925,0.957616511,0.027824671,0.006932705,1.80E-05,0.990373506,-942.020171,398.2531704,7.84E-10,0.838170167,0.053918959,0.84078608,0.051881743,0.818307836,0.046771529,0.848826233,0.067502924,0.829730665,0.059834911,30,31,36,66,27,262,163,726,681,626
RobustScaler +  BorderlineSMOTE_Class_0,731,241,308,5,16,0.015650559,0.950865485,0.003080455,0.030353475,0.00013,0.991938731,-146.614931,658.0417567,5.02E-10,0.832608696,0.067391304,0.834136595,0.065710941,0.821826604,0.064441024,0.846962983,0.065472879,0.830648479,0.067122438,42,38,26,44,49,534,495,167,241,672
RobustScaler + KMeansSMOTE_Class_0,987,262,456,6,9,0.001771741,0.985404259,0.004872611,0.007031655,0.000633,0.997946454,-751.0134516,990.4754398,6.37E-10,0.888043478,0.048913043,0.889348901,0.04756594,0.863868223,0.056456198,0.922641532,0.038322654,0.89027858,0.049361672,41,28,33,28,25,406,294,314,269,189
RobustScaler + SMOTE_Class_0,708,212,340,5,10,0.002423809,0.957733926,0.007649977,0.031839144,0.000135,0.996681044,-879.7410347,120.5086142,3.38E-10,0.827173913,0.044565217,0.82458543,0.044348168,0.794536856,0.042614893,0.891097088,0.046084101,0.839417429,0.044507922,31,41,30,20,31,186,294,263,142,161
RobustScaler + SVMSMOTE_Class_0,719,201,255,3,11,0.008971113,0.956780429,0.006573915,0.027362682,0.000138,0.995194643,-42.27614103,32.71043722,6.52E-10,0.897282609,0.04076087,0.899187294,0.039571031,0.871170529,0.049708079,0.913818974,0.034281362,0.891136933,0.043018911,33,47,32,28,27,204,435,461,234,241
StandardScaler + ADASYN_CLASS_0,646,243,423,4,16,0.023209333,0.959971693,0.011816193,0.004334364,0.000238,0.994595911,-350.4966761,639.799261,4.82E-10,0.833918721,0.04101092,0.829091862,0.040099857,0.789498732,0.040052919,0.931709115,0.030264671,0.852859836,0.037910417,28,44,42,40,45,125,334,595,155,1687
StandardScaler +  BorderlineSMOTE_Class_0,970,295,342,6,10,0.001673159,0.959804145,0.010777896,0.026996056,0.000434,0.99748034,-281.3179009,146.3386055,6.05E-10,0.833152174,0.0375,0.832805685,0.038059308,0.784341309,0.042119197,0.940092394,0.007516636,0.851104546,0.029691095,29,58,22,24,34,141,355,183,125,399
StandardScaler + KMeansSMOTE_Class_0,955,209,262,4,9,0.018144239,0.977512864,0.002480861,0.001612266,0.000572,0.994961484,-319.5773771,786.4936121,7.69E-10,0.915217391,0.054347826,0.913977524,0.054457153,0.912926831,0.051044454,0.935130229,0.046846815,0.92312899,0.049540922,42,21,28,38,29,594,249,605,169,343
StandardScaler + SMOTE_Class_0,603,293,480,4,7,0.026053915,0.960551009,0.00121609,0.012132791,0.000179,0.996134525,-671.6928299,8.571345016,3.64E-10,0.884782609,0.080434783,0.889054883,0.07587009,0.873425557,0.083539111,0.905263082,0.067397585,0.885026026,0.079465927,17,19,47,21,41,115,223,827,207,875
StandardScaler + SVMSMOTE_Class_0,673,288,453,7,8,0.010060308,0.95612704,0.02704785,0.006444005,0.000203,0.99624748,-442.1165048,888.5405379,3.09E-10,0.87826087,0.091304348,0.880495509,0.090245114,0.851230719,0.096568324,0.912511548,0.078178999,0.878325371,0.090190773,35,33,25,31,37,380,238,423,372,713
MaxAbsScaler + ADASYN_CLASS_1,982,272,294,5,15,0.016232471,0.951963487,0.013435317,0.017506587,0.000765,0.992901651,-45.56775153,197.584648,6.48E-10,0.774480822,0.085051646,0.777771234,0.079791769,0.822983904,0.090391311,0.730839479,0.07145564,0.754450727,0.08586012,35,66,40,31,35,778,895,693,443,2211
MaxAbsScaler +  BorderlineSMOTE_Class_1,893,257,291,4,10,0.017865433,0.959532913,0.014047439,0.007700344,4.30E-05,0.994873263,-127.6854621,669.3315792,5.32E-10,0.817045455,0.0625,0.819258828,0.0613109,0.826028577,0.052385646,0.795904319,0.088601288,0.80555255,0.072136183,30,45,37,38,28,490,178,378,391,455
MaxAbsScaler + KMeansSMOTE_Class_1,534,234,490,5,9,0.015313119,0.971431339,0.009208426,0.003318848,0.00048,0.99434957,-840.7087305,212.5614962,3.98E-10,0.811288105,0.072702246,0.808135596,0.075645436,0.811555036,0.092820293,0.803665503,0.063011783,0.806071933,0.077448752,32,27,36,36,25,402,295,361,236,303
MaxAbsScaler + SMOTE_Class_1,505,282,423,3,16,0.011957459,0.960004775,0.00954522,0.018069747,0.000987,0.999592685,-559.4591864,880.2406909,4.82E-10,0.771590909,0.067045455,0.771706877,0.064393302,0.764558021,0.05646996,0.814734874,0.069769252,0.784765574,0.063717542,26,21,32,25,43,148,149,102,205,642
MaxAbsScaler + SVMSMOTE_Class_1,775,241,316,6,15,0.015367979,0.961800889,0.002622197,0.019277104,0.00024,0.996790705,-989.1609276,353.419687,7.34E-10,0.825,0.052272727,0.82234281,0.053915576,0.797762116,0.063802002,0.893956422,0.018397981,0.841862073,0.043706993,56,40,36,31,46,811,461,286,626,435
MinMaxScaler + ADASYN_CLASS_1,852,262,447,3,13,0.013871378,0.965777959,0.011403329,0.008176326,0.000322,0.990861461,-280.872748,984.5226518,7.17E-10,0.766860465,0.111046512,0.7671367,0.109759677,0.762352377,0.092437847,0.810000146,0.111296442,0.779481341,0.105510651,39,37,27,33,59,615,371,301,301,613
MinMaxScaler +  BorderlineSMOTE_Class_1,855,270,420,4,7,0.018909353,0.96070825,0.016508645,0.003764004,1.20E-05,0.997107398,-226.1011271,356.7025605,5.04E-10,0.794318182,0.076136364,0.794711054,0.075626086,0.783839754,0.079864781,0.793287701,0.074520438,0.786937686,0.078638367,47,34,21,31,34,286,219,112,225,231
MinMaxScaler + KMeansSMOTE_Class_1,811,296,437,6,7,0.025076831,0.95671512,0.011331306,0.006186209,0.000242,0.992670853,-488.6624165,530.2196081,3.91E-10,0.825998331,0.074483179,0.826125503,0.073711628,0.867736961,0.074871463,0.768529474,0.081103637,0.812211701,0.080005091,29,29,32,21,32,323,443,458,116,303
MinMaxScaler + SMOTE_Class_1,714,209,461,5,12,0.020439335,0.974117747,0.003321044,0.002057223,0.000647,0.999650584,-709.2082921,256.3401252,6.49E-10,0.808522727,0.072159091,0.811851951,0.067687167,0.789961096,0.064589975,0.8965526,0.048754746,0.82930658,0.063926561,32,32,41,34,31,317,502,248,432,1141
MinMaxScaler + SVMSMOTE_Class_1,589,266,309,6,13,0.01343856,0.951492378,0.006600313,0.028136016,0.000999,0.996452119,-685.6536328,533.7910842,6.57E-10,0.784090909,0.079545455,0.786769495,0.076753422,0.764519972,0.080074256,0.81426052,0.06920767,0.784850214,0.076505901,29,36,50,24,39,375,484,472,451,352
Normalizer + ADASYN_CLASS_1,881,223,374,3,9,0.020816282,0.959199673,0.012380234,0.007443238,0.000628,0.998907593,-76.72305003,991.0318755,6.08E-10,0.739880952,0.049404762,0.740933165,0.04651393,0.726193218,0.043116295,0.718390703,0.05158398,0.71221586,0.052993664,45,32,32,41,32,243,342,148,242,137
Normalizer +  BorderlineSMOTE_Class_1,540,269,331,5,11,0.011408535,0.970176044,0.006611235,0.011182691,0.000719,0.994708587,-37.64766823,910.5527627,5.48E-10,0.769886364,0.088068182,0.766630129,0.092104992,0.786019536,0.094231906,0.754533306,0.089944995,0.75993817,0.098110972,43,28,28,40,39,606,314,436,535,326
Normalizer + KMeansSMOTE_Class_1,999,254,289,6,9,0.010900542,0.954824699,0.014413326,0.019675301,0.000849,0.998994976,-663.9431037,303.4917147,1.34E-10,0.845454545,0.063636364,0.844712919,0.064617164,0.865275447,0.062830631,0.823830165,0.068736997,0.839947765,0.06777037,42,40,34,42,46,419,300,282,336,483
Normalizer + SMOTE_Class_1,789,272,475,3,10,0.01192186,0.950722111,0.013361146,0.023531995,0.000858,0.996488228,-947.517146,788.3795328,9.86E-10,0.792613636,0.078977273,0.795543901,0.076569044,0.77977236,0.073305228,0.835829904,0.068505216,0.800698482,0.074067011,26,44,33,30,26,539,424,229,285,372
Normalizer + SVMSMOTE_Class_1,654,290,406,7,15,0.028514633,0.953150584,0.008258132,0.009617986,0.000563,0.995174538,-837.2460827,269.706969,3.32E-10,0.766477273,0.057386364,0.770073537,0.053476825,0.751536731,0.049468228,0.813321555,0.057963628,0.771140746,0.055706997,29,34,26,46,39,512,585,623,1047,969
PowerTransformer + ADASYN_CLASS_1,932,260,276,3,8,0.02297698,0.961496994,0.003983177,0.010770918,0.00055,0.994747366,-579.7439704,1.144297405,9.94E-10,0.870345831,0.07872967,0.870905786,0.078047833,0.85506058,0.089210778,0.877187469,0.072754391,0.859836059,0.087164544,37,61,36,26,27,1446,2088,654,817,192
PowerTransformer +  BorderlineSMOTE_Class_1,552,275,360,7,16,0.019920248,0.95789942,0.012801796,0.009093916,0.000208,0.994273359,-696.4653966,117.4671509,3.40E-10,0.792613636,0.05625,0.791969694,0.054828997,0.780934723,0.051775842,0.846461407,0.039085913,0.807600035,0.046952051,50,33,46,34,41,775,429,647,472,1172
PowerTransformer + KMeansSMOTE_Class_1,507,243,497,3,18,0.006923946,0.96721762,0.024151997,0.001005823,0.000394,0.999700297,-525.7502638,34.65289133,4.51E-10,0.784629344,0.046649546,0.782814237,0.047535606,0.794498392,0.050146996,0.754458016,0.044690514,0.768593085,0.049753036,28,39,22,34,42,311,454,105,270,427
PowerTransformer + SMOTE_Class_1,677,298,274,6,10,0.018795916,0.959739069,0.012336809,0.00886879,0.000566,0.99157577,-824.6077667,462.1006972,4.48E-10,0.832954545,0.055681818,0.836678819,0.052076108,0.847892709,0.052461473,0.821495646,0.063029212,0.82741006,0.063276597,28,39,16,43,53,254,585,148,584,713
PowerTransformer + SVMSMOTE_Class_1,834,234,327,5,14,0.013748551,0.950438947,0.017999383,0.016927853,0.000551,0.994159609,-0.465165989,532.6835645,4.53E-10,0.821022727,0.071022727,0.82119128,0.070943471,0.808418787,0.062382429,0.868910905,0.060399267,0.831768392,0.065752094,35,27,43,41,35,587,405,375,395,205
RobustScaler + ADASYN_CLASS_1,724,268,446,4,11,0.010076771,0.96190112,0.006380597,0.021006316,0.000906,0.997739786,-325.4506474,598.4392578,3.71E-10,0.778027919,0.072380078,0.776930803,0.065797861,0.751254126,0.062296644,0.901446387,0.049334586,0.8121065,0.060994963,24,36,28,22,28,287,140,223,86,224
RobustScaler +  BorderlineSMOTE_Class_1,961,255,439,6,7,0.001708348,0.978539237,0.010554617,0.009074416,0.000464,0.996409897,-992.1822559,236.5814439,7.73E-10,0.813068182,0.044886364,0.810141079,0.047102004,0.830320814,0.066154147,0.787338763,0.024860294,0.799556472,0.041661576,30,22,24,38,30,287,180,209,250,141
RobustScaler + KMeansSMOTE_Class_1,719,217,292,4,11,0.027003083,0.951825813,0.004567497,0.015753255,0.000905,0.994674335,-494.2184504,65.56636144,4.40E-10,0.834024782,0.083418721,0.833907129,0.083306324,0.8187066,0.098624919,0.854219511,0.059928987,0.83238872,0.083169662,24,28,46,26,24,302,201,728,219,125
RobustScaler + SMOTE_Class_1,642,266,395,7,12,0.007362004,0.95804998,0.009642009,0.024246366,0.00064,0.998912977,-161.2749312,835.5474305,9.77E-10,0.816477273,0.080113636,0.816646214,0.080042721,0.816364966,0.082060936,0.820990246,0.0748364,0.814659681,0.081673527,31,35,31,26,36,170,141,239,170,319
RobustScaler + SVMSMOTE_Class_1,893,235,379,6,14,0.003598795,0.971978227,0.014211293,0.009899887,0.000772,0.992180148,-729.147733,856.017226,9.02E-10,0.8,0.077272727,0.799254317,0.072162021,0.778276103,0.07154586,0.866147814,0.070882477,0.816425699,0.073831379,23,31,34,31,31,201,215,198,228,138
StandardScaler + ADASYN_CLASS_1,842,219,348,5,11,0.001548491,0.96643418,0.016553139,0.014920153,0.00048,0.999683505,-415.2969231,657.8312551,4.45E-10,0.812790698,0.073255814,0.813719314,0.072886379,0.807669613,0.08044394,0.820726606,0.064487821,0.812571144,0.072741593,40,46,32,34,28,432,472,516,172,338
StandardScaler +  BorderlineSMOTE_Class_1,890,212,320,6,9,0.017473613,0.966491096,0.008454799,0.007346943,0.000559,0.997602003,-791.7780442,226.6913935,2.47E-10,0.829545455,0.065909091,0.832589167,0.062044677,0.836080011,0.045642762,0.830743382,0.086259722,0.821844911,0.075606058,27,23,27,56,41,245,185,775,249,342
StandardScaler + KMeansSMOTE_Class_1,881,238,260,6,11,0.004136896,0.952054194,0.017628987,0.025990488,9.30E-05,0.997030895,-962.6239369,628.1746735,8.19E-10,0.816477273,0.04375,0.817271367,0.043067446,0.839952557,0.057120477,0.787351788,0.024917445,0.807698844,0.042628304,33,29,44,27,36,210,226,477,99,451
StandardScaler + SMOTE_Class_1,853,281,475,7,10,0.017794906,0.960270879,0.019387763,0.001656319,0.000936,0.999026249,-675.5916454,335.8965352,3.78E-10,0.838068182,0.05625,0.840695899,0.053809253,0.858352771,0.046374475,0.802882065,0.077788897,0.825684525,0.064945177,35,54,36,56,49,945,249,332,400,287
StandardScaler + SVMSMOTE_Class_1,514,212,355,7,13,0.021432653,0.953948685,0.020619459,0.003292155,0.000344,0.99155406,-112.2274247,102.2116971,9.83E-10,0.846022727,0.059659091,0.848682634,0.057799121,0.832974788,0.043537734,0.859918635,0.082229412,0.842587229,0.064892516,39,24,47,34,30,874,195,371,409,172
MaxAbsScaler + ADASYN_CLASS_2,977,247,450,3,9,0.012085072,0.958842928,0.002860397,0.026188401,2.90E-05,0.991475076,-940.7899576,284.984138,2.87E-10,0.882847638,0.021686924,0.877380824,0.024004464,0.843653083,0.01653197,0.959465873,0.020773063,0.896562055,0.018680421,19,27,29,25,26,74,194,129,306,349
MaxAbsScaler +  BorderlineSMOTE_Class_2,975,241,354,7,9,0.009429388,0.979661328,0.004513665,0.005838603,0.000736,0.99092322,-32.25254851,477.5495608,7.78E-10,0.86984127,0.019047619,0.870068457,0.018301242,0.816423458,0.027396189,0.958052555,0.002252325,0.879790233,0.015599912,33,18,19,23,46,201,134,186,291,382
MaxAbsScaler + SMOTE_Class_2,762,270,305,6,8,0.016329537,0.954546414,0.026047965,0.00282313,0.000565,0.996217081,-191.0946083,682.7239718,3.12E-10,0.886507937,0.045238095,0.884840444,0.046702659,0.860463146,0.060522144,0.93392544,0.01439505,0.893525381,0.039906965,23,46,42,40,27,449,337,305,196,226
MaxAbsScaler + SVMSMOTE_Class_2,857,239,484,4,13,0.00411745,0.950352954,0.007940163,0.037249061,0.000804,0.992619741,-847.2101804,605.4764588,3.66E-10,0.878854616,0.046847215,0.877205457,0.050715034,0.77306932,0.07861109,0.891362498,0.041037822,0.824305348,0.06432098,38,31,34,24,34,772,647,218,281,466
MinMaxScaler + ADASYN_CLASS_2,763,273,430,5,11,0.015929388,0.976587022,0.002589781,0.004134142,0.000141,0.995435748,-889.8691516,830.3808807,5.55E-10,0.906079036,0.027379599,0.907590403,0.025353133,0.873743187,0.031940376,0.956774776,0.013924097,0.910918372,0.025120256,29,73,39,24,22,469,447,297,119,235
MinMaxScaler +  BorderlineSMOTE_Class_2,702,299,288,6,17,0.022844717,0.951679744,0.019415667,0.005157896,0.000168,0.995990125,-940.4106479,580.1627826,8.05E-10,0.919047619,0.03968254,0.917040432,0.040884046,0.890908844,0.050036712,0.967571928,0.017014562,0.926331155,0.035132971,47,45,32,41,38,1013,831,397,273,635
MinMaxScaler + SMOTE_Class_2,553,287,356,3,14,0.008113633,0.969183836,0.011413731,0.011051355,0.000707,0.990833749,-211.7544673,846.1633246,2.91E-10,0.919444444,0.017857143,0.921121315,0.014853375,0.921252561,0.021600155,0.927893852,0.006567687,0.917480798,0.015975648,43,30,22,33,34,533,229,177,474,515
MinMaxScaler + SVMSMOTE_Class_2,771,289,329,5,14,0.027467024,0.952319752,0.00894044,0.010640882,0.000759,0.995001702,-87.0556781,676.6874956,4.47E-10,0.826279273,0.027693415,0.739667106,0.034882792,0.510778028,0.056665474,0.523701461,0.040065098,0.51675396,0.048802399,41,63,37,40,40,545,1184,825,786,706
Normalizer + ADASYN_CLASS_2,774,239,299,4,14,0.004835156,0.961644147,0.017580999,0.015347464,0.000591,0.997627556,-479.4201576,904.5346627,1.21E-10,0.868928513,0.036934465,0.868616764,0.037456037,0.817099733,0.042602443,0.955459372,0.014279311,0.87981654,0.031382151,44,47,36,26,31,400,554,293,237,535
Normalizer +  BorderlineSMOTE_Class_2,595,289,358,7,13,0.015106553,0.957193362,0.023043391,0.003839132,0.000277,0.994085287,-575.2917363,2.416066146,8.93E-10,0.878174603,0.030555556,0.87635044,0.032680176,0.837875897,0.02874174,0.933332364,0.033356443,0.882497341,0.031145181,54,32,56,29,44,460,255,799,482,339
Normalizer + SMOTE_Class_2,787,262,475,4,18,0.002886515,0.9580781,0.031085785,0.007525616,0.000886,0.990108742,-545.3414043,549.9913107,2.68E-10,0.846031746,0.042857143,0.842803678,0.046490638,0.818597558,0.040899087,0.908423026,0.025237422,0.858202959,0.035447459,44,43,60,50,54,1083,310,1099,754,716
Normalizer + SVMSMOTE_Class_2,619,213,277,3,16,0.02939786,0.955875169,0.00976841,0.004116296,0.000966,0.992595799,-53.54036942,915.981098,8.84E-10,0.818301338,0.017237509,0.75460775,0.012899633,0.669860747,0.057845861,0.570334223,0.003951492,0.606464763,0.021413481,25,23,22,43,24,265,248,258,939,221
PowerTransformer + ADASYN_CLASS_2,770,293,493,6,9,0.010631527,0.970813438,0.00769556,0.010181201,0.000515,0.9906156,-917.3212393,509.9370161,1.56E-10,0.903830442,0.039445522,0.90255063,0.040694662,0.874744098,0.047822203,0.943662409,0.027471191,0.90711305,0.038815489,27,28,42,25,26,384,369,220,199,283
PowerTransformer +  BorderlineSMOTE_Class_2,877,256,269,6,18,0.005699988,0.953291865,0.01001422,0.030053362,0.000589,0.990482967,-181.7125637,687.6172522,7.72E-10,0.899206349,0.026190476,0.898853742,0.026956688,0.871544827,0.02946711,0.937627527,0.022570741,0.902557683,0.02597135,26,52,44,41,54,293,958,428,434,859
PowerTransformer + SMOTE_Class_2,627,253,314,4,8,0.015169055,0.954523907,0.00173572,0.027751013,0.000558,0.996630127,-374.7412537,789.6977427, 7.746489577628789e-100.9043650793650793,0.904365079,0.040873016,0.906727152,0.03837026,0.877941408,0.046156842,0.946440586,0.028445594,0.907334965,0.040359577,31,17,23,30,30,319,253,444,394,152
PowerTransformer + SVMSMOTE_Class_2,839,280,252,3,9,0.016242924,0.974168767,0.002426288,0.006641709,0.000788,0.995500875,-78.38720659,125.9935268,7.16E-10,0.911394169,0.060373761,0.909414941,0.064172793,0.867839229,0.077267502,0.908320435,0.072117749,0.88224679,0.079970367,28,81,31,73,30,239,1742,428,1931,217
RobustScaler + ADASYN_CLASS_2,931,208,459,6,8,0.012457849,0.961511731,0.019171513,0.006636315,0.000192,0.990099994,-665.7086076,170.7475145,7.79E-10,0.933333333,0.028571429,0.933470249,0.027761923,0.914588778,0.04027748,0.966444129,0.010686553,0.938066013,0.025905347,35,25,45,197,25,440,291,1276,4444,182
RobustScaler +  BorderlineSMOTE_Class_2,829,248,382,7,18,0.022712181,0.960869123,0.006456696,0.009576138,0.000508,0.990538808,-192.8452903,421.8512202,7.50E-10,0.942460317,0.044047619,0.941649245,0.044879752,0.917699547,0.058687008,0.976135827,0.022301673,0.944676713,0.042322335,30,47,34,37,78,349,1879,1190,181,4129
RobustScaler + SMOTE_Class_2,748,265,373,7,8,0.023427802,0.953686584,0.004157985,0.018465266,0.000317,0.996548914,-757.6422091,87.05867007,6.79E-10,0.920634921,0.041269841,0.922148379,0.038284811,0.898636316,0.051653494,0.966560078,0.017901075,0.927969185,0.037847086,39,112,37,26,37,1354,6275,469,226,170
RobustScaler + SVMSMOTE_Class_2,765,285,462,6,8,0.004136025,0.956880453,0.019511453,0.018952265,0.000399,0.992401994,-523.7295507,552.9760283,8.94E-10,0.886538462,0.040384615,0.876124962,0.048733667,0.860151175,0.044971789,0.837512762,0.074245925,0.847000279,0.060914881,29,24,31,31,32,264,179,191,204,123
StandardScaler + ADASYN_CLASS_2,629,285,354,7,16,0.001186242,0.956222221,0.007883466,0.033745773,0.000966,0.993161907,-555.261414,560.4633101,4.89E-10,0.896585659,0.037701891,0.898286302,0.035422075,0.865815606,0.039962156,0.946822918,0.02754949,0.901291437,0.036635773,26,32,27,32,41,303,163,297,203,242
StandardScaler +  BorderlineSMOTE_Class_2,693,298,448,6,13,0.010863642,0.955976528,0.021724662,0.010473987,0.000161,0.992817076,-120.9421536,649.8061784,3.29E-10,0.929761905,0.044047619,0.929370507,0.044494626,0.903653535,0.055824002,0.97393959,0.018158657,0.93515845,0.039803485,32,35,31,40,76,172,609,466,373,3236
StandardScaler + SMOTE_Class_2,611,284,499,6,8,0.00529719,0.970083545,0.003621384,0.020396934,0.000181,0.992520327,-446.6329439,4.102943259,1.18E-10,0.920238095,0.044047619,0.921657994,0.042472428,0.889470722,0.053344165,0.967901137,0.022672078,0.925227716,0.040555863,28,25,24,34,39,301,273,226,235,550
StandardScaler + SVMSMOTE_Class_2,869,284,344,7,9,0.002698393,0.967473634,0.026275065,0.002830133,0.000148,0.999097643,-685.8608594,738.1140847,3.49E-10,0.943475433,0.040680185,0.950926453,0.034760477,0.89776974,0.071978494,0.975796388,0.017224959,0.930879612,0.049914038,23,31,29,20,35,226,322,471,124,445
MaxAbsScaler + ADASYN_CLASS_3,665,203,436,5,12,0.011486872,0.954482914,0.016488048,0.017446312,0.000499,0.991043239,-322.3877832,620.6733691,7.49E-10,0.975,0.00625,0.974581084,0.007020338,0.972967341,0.009733731,0.977248289,0.003054741,0.974707189,0.006448509,22,30,14,33,27,227,501,111,259,665
MaxAbsScaler +  BorderlineSMOTE_Class_3,956,290,294,5,17,0.036103954,0.954673226,0.003033597,0.00537974,0.000743,0.997099372,-154.3317008,439.0847979,1.22E-10,0.974707049,0.024514741,0.976285008,0.022963112,0.960615344,0.037784656,0.988558559,0.011441441,0.973768988,0.0254278,46,39,24,39,46,683,734,150,810,607
MaxAbsScaler + SMOTE_Class_3,825,290,397,4,10,0.033045386,0.952115901,0.012222497,0.002221846,0.000956,0.994647605,-737.0963123,889.7935035,5.64E-10,0.9765625,0.0234375,0.976273148,0.023726852,0.961203498,0.038796502,0.996875,0.003125,0.977851544,0.022148456,40,27,15,39,31,597,593,246,606,343
MaxAbsScaler + SVMSMOTE_Class_3,896,272,433,6,7,0.011240556,0.976308526,0.00225149,0.0096843,0.000312,0.999620929,-44.52138499,588.7634089,6.07E-10,0.978396128,0.01955259,0.978087325,0.01972903,0.965174129,0.031840796,0.975674883,0.021508216,0.969197466,0.027880335,32,37,30,22,35,392,342,359,223,241
MinMaxScaler + ADASYN_CLASS_3,574,253,377,5,9,0.00325408,0.9660758,0.020122903,0.009635422,9.90E-05,0.992152086,-546.3213516,735.588577,3.51E-10,0.984510298,0.012394913,0.98460405,0.012232566,0.977643953,0.017873839,0.993420431,0.005017069,0.985091605,0.011875307,27,24,27,28,20,155,215,219,93,342
MinMaxScaler +  BorderlineSMOTE_Class_3,966,298,445,5,17,0.023988981,0.95811221,0.003726262,0.013764144,0.000371,0.991220312,-444.3668635,972.2091745,9.63E-10,0.984426117,0.009329963,0.98483525,0.008960011,0.978651895,0.010629308,0.990070491,0.008379122,0.984049084,0.00975786,38,65,32,28,24,186,855,538,157,341
MinMaxScaler + KMeansSMOTE_Class_3,695,268,453,7,7,0.006417348,0.970724291,0.00462564,0.017972076,0.0007,0.992682629,-15.31613651,521.2508404,8.32E-10,0.984046131,0.008949978,0.983755506,0.009217965,0.972964774,0.013386601,0.997222222,0.002777778,0.984837377,0.008259478,43,15,37,24,15,428,51,302,278,71
MinMaxScaler + SMOTE_Class_3,944,285,371,6,7,0.021141565,0.96227547,0.006374875,0.009409607,0.000306,0.997323544,-846.7539701,682.0918908,4.32E-10,0.973455739,0.017205739,0.975495893,0.015066511,0.955446178,0.028280799,0.990045972,0.008504753,0.97124151,0.019748366,43,32,29,36,14,2215,185,218,280,210
MinMaxScaler + SVMSMOTE_Class_3,705,300,450,3,11,0.016685816,0.959991527,0.013363864,0.009159397,8.50E-05,0.991946578,-988.3637333,193.3924499,1.28E-10,0.99,0.01,0.992106333,0.007893667,0.97412518,0.02587482,1,0,0.986591469,0.013408531,31,14,28,27,19,296,246,410,450,126
Normalizer + ADASYN_CLASS_3,851,293,365,4,10,0.004792496,0.950278576,0.009940328,0.03451748,0.000819,0.991475019,-219.6244398,247.6764262,4.40E-10,0.966067022,0.019143945,0.965893169,0.019175148,0.948204399,0.023904114,0.988333333,0.011666667,0.967668043,0.018042373,28,33,24,33,24,112,544,117,158,150
Normalizer +  BorderlineSMOTE_Class_3,683,278,419,7,7,0.033031845,0.95115958,0.005582702,0.00959737,0.000546,0.994108309,-319.8868603,878.8041268,7.85E-10,0.973479778,0.014056701,0.973230244,0.014219576,0.959954236,0.022397751,0.991011779,0.002786671,0.974759216,0.013068111,34,22,28,35,23,264,179,354,252,208
Normalizer + KMeansSMOTE_Class_3,641,271,478,4,12,0.029657083,0.956138944,0.010990045,0.002801817,0.000348,0.998829896,-390.0926243,552.0324941,9.58E-10,0.962946582,0.006648505,0.962419738,0.005695053,0.937693819,0.010706874,0.996602853,0.002008258,0.965269385,0.007087513,28,41,25,28,27,457,935,167,400,154
Normalizer + SMOTE_Class_3,672,262,386,5,9,0.024248241,0.953326908,0.009935736,0.012216206,0.000209,0.99273923,-694.0504579,536.6774883,2.66E-10,0.956021845,0.018233384,0.955821241,0.017747534,0.938713287,0.022171625,0.977844513,0.014698331,0.957458927,0.018678105,26,22,34,32,35,125,212,298,683,213
Normalizer + SVMSMOTE_Class_3,814,269,257,6,15,0.013222401,0.968255297,0.008785032,0.008919791,0.000545,0.997261949,-957.1597864,903.2362526,1.96E-10,0.970815998,0.017498691,0.971860714,0.016440111,0.955675539,0.023090805,0.988381287,0.010018713,0.97114483,0.017271781,25,24,51,48,30,482,151,416,679,203
PowerTransformer + ADASYN_CLASS_3,857,272,292,7,10,0.031261458,0.959338625,0.003200916,0.005850197,0.000593,0.991305211,-69.66749078,711.5294007,5.62E-10,0.986009615,0.013990385,0.98557123,0.01442877,0.974528668,0.025471332,1,0,0.986766398,0.013233602,21,27,25,20,23,359,556,317,146,228
PowerTransformer +  BorderlineSMOTE_Class_3,809,271,274,6,13,0.012873691,0.95202354,0.030673782,0.003925051,0.000924,0.994082098,-621.8990896,953.2149874,1.08E-10,0.983996535,0.008996535,0.984891867,0.007727181,0.969074712,0.017999443,1,0,0.983596669,0.009836181,28,23,45,25,43,299,366,227,486,391
PowerTransformer + KMeansSMOTE_Class_3,719,230,412,7,8,0.003435515,0.980065072,0.011449966,0.004626596,3.90E-05,0.993027502,-39.23285981,987.2241623,8.53E-10,0.984107595,0.015117211,0.984457863,0.014772907,0.975644679,0.024355321,0.993422688,0.00503885,0.984238009,0.01498979,35,24,20,34,21,268,222,172,241,84
PowerTransformer + SMOTE_Class_3,695,226,488,4,9,0.01565275,0.962277056,0.009928332,0.012053096,0.000544,0.99748522,-792.7605999,427.7318736,5.39E-10,0.974282026,0.017935872,0.973704556,0.018566794,0.969144913,0.02762928,0.980929487,0.006762821,0.974749861,0.017376123,21,42,73,26,21,181,550,506,133,431
PowerTransformer + SVMSMOTE_Class_3,792,257,429,7,17,0.005933594,0.950584169,0.033890532,0.008679481,0.000923,0.99059048,-688.4518667,605.6878066,2.78E-10,0.971108949,0.021108949,0.970668078,0.02153059,0.959855617,0.033744383,0.980989876,0.009561305,0.969934367,0.022129125,28,35,26,53,16,306,326,325,255,122
RobustScaler + ADASYN_CLASS_3,854,285,378,6,12,0.006176789,0.968651664,0.013487209,0.011331686,0.000669,0.991485589,-561.2699806,680.2285652,5.58E-10,0.9484375,0.0171875,0.948102079,0.017243031,0.924850461,0.022675773,0.981314859,0.006036722,0.95112,0.015602097,30,32,34,17,44,157,418,363,51,152
RobustScaler +  BorderlineSMOTE_Class_3,646,211,446,6,7,0.019346982,0.954120818,0.007901828,0.01861769,0.000228,0.991006202,-659.9619148,40.61069782,7.76E-10,0.983991975,0.012116975,0.983963574,0.012111722,0.976693834,0.015741453,0.989153439,0.010846561,0.982714274,0.013465895,26,17,42,34,38,399,201,1593,962,292
RobustScaler + KMeansSMOTE_Class_3,685,220,371,5,14,0.02611989,0.950340552,0.012741382,0.010676867,0.000528,0.999276988,-55.07257303,837.1698811,8.22E-10,0.983644867,0.014798713,0.984527032,0.01392258,0.971126483,0.025796594,0.996875,0.003125,0.983225064,0.015224549,31,35,40,22,31,211,281,437,155,403
RobustScaler + SMOTE_Class_3,550,300,309,6,15,0.004294177,0.97834169,0.012644918,0.004572172,0.000209,0.998208148,-887.2397251,893.3361629,1.13E-10,0.951386023,0.007347562,0.95360074,0.006349887,0.912114771,0.016961569,0.994166667,0.0025,0.950097464,0.01031313,51,19,36,23,33,343,236,425,173,240
RobustScaler + SVMSMOTE_Class_3,737,248,307,7,16,0.01429219,0.953421763,0.029926245,0.002007148,0.000711,0.991095367,-291.0172486,665.8860143,3.30E-10,0.97858926,0.00969503,0.979497938,0.008885564,0.967406198,0.01702741,0.989939394,0.002060606,0.978088978,0.010077684,16,48,26,20,27,51,332,375,130,288
StandardScaler + ADASYN_CLASS_3,805,256,396,5,13,0.012742208,0.962103986,0.008548857,0.015732943,0.000557,0.999894163,-569.1303454,46.91428705,8.16E-10,0.986009615,0.013990385,0.986060653,0.013939347,0.981309836,0.018690164,0.989978448,0.010021552,0.985384379,0.014615621,29,43,18,46,25,307,1137,298,890,243
StandardScaler +  BorderlineSMOTE_Class_3,857,240,336,3,13,0.007794276,0.958061356,0.005468423,0.02818904,0.000455,0.995230016,-493.992467,17.90092235,6.62E-10,0.978921449,0.013296449,0.979890697,0.012380573,0.963218759,0.021603145,0.996774194,0.003225806,0.978928183,0.013360565,33,31,15,36,21,449,327,109,399,87
StandardScaler + SMOTE_Class_3,976,225,377,4,9,0.011339664,0.971401425,0.012741026,0.003673621,0.000496,0.990053624,-415.290217,957.0008108,8.88E-10,0.983626908,0.011703831,0.984043083,0.011287269,0.971207959,0.019670783,0.997222222,0.002777778,0.98361729,0.011762516,33,20,36,18,17,346,196,190,151,106
StandardScaler + SVMSMOTE_Class_3,959,299,403,3,17,0.016159813,0.970213183,0.002517797,0.011057665,6.30E-05,0.990182986,-402.7686045,289.7736571,2.67E-10,0.978167278,0.012494201,0.980665726,0.009365938,0.968460425,0.01667471,0.988741752,0.009808973,0.977416314,0.014192077,33,45,39,67,25,812,769,289,669,176
MaxAbsScaler + ADASYN_CLASS_4,812,250,484,5,8,0.010879876,0.955957203,0.024663593,0.007925233,0.000236,0.994613475,-771.655826,841.3882368,2.54E-10,0.998484848,0.001515152,0.998275862,0.001724138,0.997368421,0.002631579,1,0,0.998666667,0.001333333,10,21,8,17,11,62,140,88,109,72
MaxAbsScaler +  BorderlineSMOTE_Class_4,583,220,476,5,12,0.003466514,0.983277268,0.009205398,0.003386194,0.000282,0.990946308,-492.791181,672.2380459,5.19E-10,0.994692638,0.003783547,0.994569026,0.003849329,0.990042714,0.007036178,1,0,0.994917365,0.003616725,9,16,22,12,31,34,137,90,68,182
MaxAbsScaler + SMOTE_Class_4,889,210,255,6,15,0.00411163,0.952386332,0.031456019,0.012023202,0.000109,0.993755166,-656.3730929,674.9719253,7.54E-10,0.995454545,0.004545455,0.995454545,0.004545455,0.991666667,0.008333333,1,0,0.995652174,0.004347826,14,42,25,42,42,260,348,329,335,509
MaxAbsScaler + SVMSMOTE_Class_4,597,277,290,7,12,0.001145289,0.95119207,0.012245545,0.034767654,0.000171,0.991570292,-369.9990314,83.31573076,2.80E-10,0.986593149,0.005751349,0.988961251,0.004689542,0.966739997,0.014706904,1,0,0.982981994,0.007564223,37,15,17,24,24,383,131,105,67,142
MinMaxScaler + ADASYN_CLASS_4,671,267,256,5,8,0.025495647,0.951280137,0.001282731,0.021248727,6.60E-05,0.991907408,-815.1645893,943.3613284,3.89E-10,0.993933633,0.003024542,0.993875198,0.003226251,0.988184697,0.005613753,1,0,0.994003244,0.00284715,24,17,21,20,18,172,181,118,106,262
MinMaxScaler +  BorderlineSMOTE_Class_4,748,202,432,7,12,0.020501034,0.965683693,0.005333411,0.008236687,0.000634,0.998163944,-569.3005398,144.8953408,8.68E-10,0.995804251,0.001911477,0.995768367,0.00192367,0.99260871,0.004383601,0.999224806,0.000775194,0.995868398,0.001843872,15,29,12,20,22,40,472,26,198,154
MinMaxScaler + KMeansSMOTE_Class_4,719,260,494,7,15,0.010604745,0.961593224,0.003906974,0.023090813,0.000553,0.994419136,-282.1563697,620.4162182,2.51E-10,0.990457481,0.00877916,0.989955546,0.009292574,0.987613706,0.010847833,0.993103448,0.006896552,0.990105542,0.009122257,42,24,13,40,13,259,224,94,378,32
MinMaxScaler + SMOTE_Class_4,675,233,469,6,9,0.004121938,0.984690219,0.005178309,0.005186476,0.000118,0.995017805,-76.81307342,448.9706435,2.06E-10,0.990469225,0.005713981,0.990426532,0.005767441,0.981866706,0.010624876,1,0,0.990724323,0.005484289,10,27,23,23,10,34,224,225,165,75
MinMaxScaler + SVMSMOTE_Class_4,720,233,383,4,8,0.023409124,0.958553292,0.006937618,0.010284665,0.000787,0.997976599,-15.05796361,626.2091089,5.91E-10,0.995603865,0.004396135,0.993717949,0.006282051,0.9875,0.0125,0.99,0.01,0.988070175,0.011929825,16,18,8,20,38,287,161,19,89,594
Normalizer + ADASYN_CLASS_4,642,261,478,3,11,0.027942991,0.950276203,0.020271374,0.001455918,0.000803,0.994622197,-859.3323964,360.9132937,6.15E-10,0.994681072,0.000741678,0.994783527,0.000765669,0.989413861,0.001378146,1,0,0.99463446,0.000707613,15,12,20,32,26,59,63,275,278,125
Normalizer +  BorderlineSMOTE_Class_4,743,273,416,7,14,0.00507841,0.966075685,0.025845692,0.00291531,0.000112,0.990384404,-449.839005,534.7834845,4.38E-10,0.988209715,0.003407851,0.988509343,0.003351311,0.977538576,0.007181433,0.999224806,0.000775194,0.98811253,0.003345046,22,21,42,15,14,132,216,292,48,70
Normalizer + SMOTE_Class_4,678,205,277,7,15,0.018284072,0.953883239,0.018552154,0.008326531,0.000652,0.995703807,-918.5364053,248.59768,6.20E-10,0.993929279,0.003020188,0.993783677,0.002969283,0.988412534,0.005891526,1,0,0.99413407,0.00300277,17,27,26,28,38,81,96,198,408,670
Normalizer + SVMSMOTE_Class_4,596,273,470,4,11,0.013074257,0.955549534,0.001416133,0.029013634,0.000668,0.994111083,-148.01217,734.4492988,3.67E-10,0.990059018,0.005980586,0.986648134,0.01029843,0.990318841,0.000985507,0.97979798,0.02020202,0.984393794,0.010126754,8,13,25,20,34,29,59,63,297,230
PowerTransformer + ADASYN_CLASS_4,909,216,306,4,17,0.016848132,0.957012532,0.015402375,0.009766495,0.000799,0.994244891,-478.3804563,413.4561546,1.34E-10,0.996934821,1.17E-05,0.996887112,1.21E-05,0.994139116,2.15E-05,1,0,0.997025981,1.11E-05,22,44,14,34,36,116,212,59,229,1341
PowerTransformer +  BorderlineSMOTE_Class_4,758,215,268,6,10,0.007986193,0.965399036,0.023682642,0.002641714,0.00019,0.992415136,-532.5203188,321.4112491,2.37E-10,0.991995943,0.007240698,0.992317973,0.006906833,0.983990573,0.014516889,1,0,0.991659608,0.007591329,39,22,17,20,33,253,217,103,49,282
PowerTransformer + KMeansSMOTE_Class_4,939,270,463,7,12,0.009409615,0.956188336,0.010207276,0.024171993,0.000355,0.99063878,-769.795672,722.6053804,8.25E-10,0.984420185,0.014816456,0.984795708,0.014452412,0.972808511,0.025653028,0.996875,0.003125,0.984403695,0.014824104,26,26,28,38,22,176,92,204,252,150
PowerTransformer + SMOTE_Class_4,878,284,404,5,17,0.005546097,0.956577627,0.026580011,0.010837575,0.000598,0.993452656,-84.51274588,420.4871702,3.83E-10,0.990780975,0.00616559,0.989514941,0.007360059,0.984547337,0.009655562,1,0,0.99199095,0.005067873,6,44,10,22,32,25,246,71,126,588
PowerTransformer + SVMSMOTE_Class_4,640,231,377,3,13,0.004305643,0.977147735,0.012703806,0.00503032,0.000195,0.991987859,-334.5165466,106.5870689,7.75E-10,0.9925,0.0045,0.994592727,0.003081691,0.976660232,0.01523166,1,0,0.987674624,0.008187445,22,14,14,14,24,196,56,117,59,76
RobustScaler + ADASYN_CLASS_4,636,200,277,5,16,0.00980518,0.961967658,0.004970254,0.02256726,0.000629,0.995879799,-543.9492045,665.8036349,2.02E-10,0.993559166,0.005680378,0.993204387,0.006038037,0.988171186,0.010313663,1,0,0.993970157,0.005269387,31,57,18,42,22,539,896,135,919,126
RobustScaler +  BorderlineSMOTE_Class_4,874,291,299,4,17,0.027709015,0.95024528,0.001208644,0.020016207,0.000354,0.997576255,-135.8971613,841.5539072,1.72E-10,0.984720413,0.009195937,0.983637733,0.010459127,0.976832764,0.012561175,0.99657477,0.001837928,0.986344759,0.007453691,30,13,18,15,49,269,102,105,102,598
RobustScaler + SMOTE_Class_4,589,250,269,6,8,0.033415388,0.95332441,0.010762016,0.002472558,0.000866,0.998814198,-418.4677925,900.7906769,9.56E-10,0.982455142,0.003853743,0.982634613,0.003636408,0.967102419,0.008540328,1,0,0.982866988,0.004261168,25,17,16,53,19,298,94,82,1359,140
RobustScaler + SVMSMOTE_Class_4,570,212,475,3,16,0.006243522,0.95896012,0.008229974,0.026319747,0.000909,0.992222157,-855.5519442,545.1709745,5.17E-10,0.99584022,0.002506887,0.996191718,0.002257894,0.99110889,0.005412849,1,0,0.995481629,0.002763985,16,18,37,17,17,83,150,214,97,71
StandardScaler + ADASYN_CLASS_4,879,243,285,5,8,0.028214438,0.962272744,0.008412813,0.001067117,0.000961,0.99013198,-358.9959035,911.05951,4.22E-10,0.990132792,0.000776299,0.990345869,0.00078461,0.980615086,0.000728899,1,0,0.990040601,0.000481766,31,14,21,15,11,395,75,483,100,64
StandardScaler +  BorderlineSMOTE_Class_4,846,289,359,3,10,0.003947536,0.955890236,0.018599937,0.020569409,0.000191,0.997001815,-838.7840709,401.6217354,9.82E-10,0.983575331,0.011081158,0.983684709,0.011052133,0.969372082,0.0203338,1,0,0.984101247,0.010615734,24,21,11,32,22,113,223,51,135,259
StandardScaler + SMOTE_Class_4,774,277,412,6,15,0.007390483,0.963937736,0.009226346,0.019068944,0.000875,0.995612488,-669.6229453,939.2983158,4.58E-10,0.983610385,0.007992669,0.983284648,0.008071999,0.969467718,0.014888918,1,0,0.984258588,0.007751952,56,58,16,33,27,1097,308,50,226,134
StandardScaler + SVMSMOTE_Class_4,529,264,324,4,16,0.001501817,0.951957927,0.017255745,0.029176263,0.00059,0.999089637,-487.0939559,305.8486934,5.32E-10,0.982437921,0.01365964,0.984431216,0.012509477,0.958875408,0.030700805,0.993333333,0.006666667,0.975436366,0.01926562,28,48,27,30,11,176,1260,141,241,61
MaxAbsScaler + ADASYN_CLASS_5,996,296,370,5,8,0.001852955,0.956839639,0.004648041,0.036644938,0.000809,0.999319985,-526.7422903,362.731813,3.09E-10,0.97467532,0.018573625,0.975038719,0.017943738,0.980072581,0.019927419,0.970077437,0.015887475,0.97443271,0.018294563,20,18,41,29,28,186,122,519,415,441
MaxAbsScaler +  BorderlineSMOTE_Class_5,564,220,321,6,18,0.016033404,0.959278814,0.009906335,0.013923969,0.000336,0.993451228,-154.3357539,704.764492,9.77E-10,0.981003004,0.011398484,0.980206508,0.012110502,0.978580549,0.013582344,0.987552181,0.00612361,0.982727294,0.010176681,38,31,31,36,25,786,832,1035,953,257
MaxAbsScaler + KMeansSMOTE_Class_5,755,200,396,7,11,0.013279365,0.954767979,0.023912899,0.008027036,0.000826,0.995770742,-470.3504043,860.7858571,2.04E-10,0.982270614,0.012666095,0.982775554,0.012321613,0.982133632,0.016171452,0.982697266,0.009191983,0.982257832,0.012820009,34,21,29,15,31,613,96,547,56,292
MaxAbsScaler + SMOTE_Class_5,633,262,493,6,9,0.005295856,0.962836137,0.004571424,0.026550398,0.00093,0.990213348,-230.5719102,411.5802577,5.68E-10,0.97883859,0.009347064,0.979979637,0.008110838,0.971926781,0.019564448,0.98638984,0.001845455,0.978542408,0.009431829,18,13,21,25,23,282,89,140,165,126
MaxAbsScaler + SVMSMOTE_Class_5,985,210,310,7,7,0.02460153,0.951851431,0.010094997,0.012820578,0.000442,0.999059759,-407.693222,889.5936942,7.29E-10,0.977583137,0.014814775,0.978388255,0.014073635,0.968684878,0.022924317,0.986497967,0.006690275,0.977097289,0.015226567,40,41,41,32,32,296,245,371,268,205
MinMaxScaler + ADASYN_CLASS_5,827,278,486,4,7,0.00258964,0.99172436,0.001506017,0.003713032,0.000471,0.994822107,-18.42030489,708.3374072,4.78E-10,0.969168991,0.009733963,0.967539572,0.0117577,0.965343824,0.016791301,0.978377348,0.001549391,0.971174038,0.007814555,22,14,33,19,23,140,60,164,133,125
MinMaxScaler +  BorderlineSMOTE_Class_5,847,300,426,6,16,0.013456615,0.955824883,0.020123995,0.010240592,0.000595,0.99894103,-309.220313,423.1124433,3.40E-10,0.983107345,0.016892655,0.982829686,0.017170314,0.981662018,0.018337982,0.987271421,0.012728579,0.984335052,0.015664948,31,19,29,36,38,419,253,853,489,311
MinMaxScaler + KMeansSMOTE_Class_5,544,267,361,5,7,0.001026132,0.955407346,0.042201639,0.001095312,0.000586,0.998549123,-58.7358243,919.1021101,8.49E-10,0.995792748,0.002515912,0.995879181,0.002440028,0.992283207,0.006036121,0.999166667,0.000833333,0.995660403,0.002658895,13,13,15,24,15,75,91,103,68,207
MinMaxScaler + SMOTE_Class_5,852,219,314,6,17,0.001299484,0.972378075,0.015575755,0.009768061,0.000269,0.999132591,-24.66524226,734.8536988,7.53E-10,0.979274476,0.016506115,0.979305869,0.016526277,0.985854382,0.012450703,0.973200551,0.020187878,0.979199129,0.016616771,30,36,35,35,20,264,408,429,661,333
MinMaxScaler + SVMSMOTE_Class_5,746,291,384,3,11,0.009809532,0.951817268,0.017881637,0.01953011,0.000119,0.999549958,-289.2496837,423.8276456,5.38E-10,0.977134735,0.014422871,0.976444539,0.015302282,0.976965475,0.021325124,0.979638813,0.005549744,0.97799928,0.013638466,29,25,27,39,28,306,250,214,784,283
Normalizer + ADASYN_CLASS_5,821,285,319,3,10,0.017542099,0.973183716,0.00108797,0.007313571,0.000524,0.994965887,-651.6205314,734.6362929,7.99E-10,0.960293571,0.007581706,0.959336384,0.008428217,0.973120374,0.014246316,0.945681938,0.001562891,0.95868648,0.007408717,44,35,23,28,24,336,539,193,257,141
Normalizer +  BorderlineSMOTE_Class_5,676,221,485,4,12,0.008519481,0.967227872,0.01227393,0.011631314,0.000183,0.995614862,-838.2048994,696.0277518,8.72E-10,0.970457699,0.004186512,0.970826591,0.004406842,0.96537193,0.001352079,0.972490991,0.008033078,0.968639519,0.004637968,24,21,22,19,26,135,187,77,129,188
Normalizer + KMeansSMOTE_Class_5,959,291,461,3,14,0.010945296,0.956582405,0.021948481,0.009620921,0.000594,0.993283359,-519.7264742,93.26444986,4.17E-10,0.982268826,0.012664307,0.982112883,0.012770955,0.985968493,0.012261596,0.978438295,0.012968726,0.981789676,0.013006607,20,30,32,63,22,260,277,246,581,239
Normalizer + SMOTE_Class_5,996,255,272,7,11,0.005169731,0.966971328,0.009759949,0.017910023,9.60E-05,0.994611275,-302.2565397,745.5913789,8.52E-10,0.977161196,0.014392834,0.976464791,0.015183286,0.973006964,0.018274045,0.982153483,0.009243707,0.97739211,0.013908441,29,50,43,25,25,234,661,411,193,149
Normalizer + SVMSMOTE_Class_5,793,231,494,7,8,0.008264466,0.969211572,0.002722212,0.01950549,0.000828,0.992450107,-274.3980191,680.2455958,3.16E-10,0.977611385,0.014786526,0.977618889,0.01487578,0.969200039,0.020655033,0.987163627,0.007689314,0.977814622,0.014449385,23,33,26,28,21,232,245,228,262,218
PowerTransformer + ADASYN_CLASS_5,658,200,418,4,16,0.017813654,0.964096257,0.014317065,0.003283733,2.70E-05,0.995654862,-196.4995969,86.53186408,6.04E-10,0.98220339,0.016101695,0.982262416,0.016042182,0.982543103,0.015732759,0.982772989,0.015502874,0.982600523,0.015675339,70,30,40,103,46,1328,360,1241,3016,588
PowerTransformer +  BorderlineSMOTE_Class_5,658,261,457,4,18,0.014449567,0.952367734,0.006797436,0.02551865,0.000669,0.996230272,-891.9594174,504.8837268,1.97E-10,0.96419724,0.007926053,0.962989088,0.00838392,0.965072017,0.015959096,0.957376126,0.003595907,0.960976673,0.009705114,47,48,46,39,43,169,1170,251,392,305
PowerTransformer + KMeansSMOTE_Class_5,590,204,463,7,13,0.013078029,0.981088225,0.001377886,0.003984448,0.000106,0.995356805,-223.9657426,132.1460777,4.99E-10,0.979325967,0.002941786,0.9786306,0.00367359,0.976920828,0.001352646,0.98263531,0.00388531,0.979568404,0.002790477,39,20,24,27,50,219,104,107,99,194
PowerTransformer + SMOTE_Class_5,673,283,421,7,7,0.007459604,0.967955756,0.01836826,0.006186212,3.50E-05,0.999294125,-629.101586,524.1936196,4.52E-10,0.959477937,0.016879067,0.960452578,0.016011479,0.969789638,0.012161581,0.95067331,0.021363472,0.959567281,0.017258204,20,29,20,31,10,101,260,269,196,19
PowerTransformer + SVMSMOTE_Class_5,716,235,436,7,10,0.006753046,0.959784272,0.019119787,0.014167866,0.000982,0.998783819,-303.9700982,36.89448362,4.54E-10,0.971686691,0.005528499,0.971011367,0.006020833,0.96861946,0.006833948,0.975740741,0.000740741,0.971884189,0.003767136,52,23,28,23,27,647,170,191,141,200
RobustScaler + ADASYN_CLASS_5,582,213,327,6,12,0.021190388,0.951581126,0.024183523,0.002671289,0.000323,0.994886623,-528.3242108,153.8494948,9.17E-10,0.946699206,0.024608811,0.946543723,0.023786882,0.981074434,0.005873146,0.907793107,0.044097607,0.94075591,0.027917081,27,44,25,19,29,236,1133,176,123,154
RobustScaler +  BorderlineSMOTE_Class_5,936,233,398,4,15,0.021412717,0.966547395,0.00651324,0.00491113,0.000626,0.990460729,-583.8031464,931.5342667,8.49E-10,0.984752914,0.011871558,0.986028092,0.010501143,0.981333333,0.018666667,0.98683096,0.006227511,0.983551983,0.012939045,22,22,47,34,32,261,139,1081,630,441
RobustScaler + KMeansSMOTE_Class_5,827,239,491,6,12,0.006613902,0.952578752,0.032267447,0.008322519,0.000125,0.994316184,-546.4011922,488.6751754,5.53E-10,0.988615819,0.008841808,0.988131272,0.009339993,0.9861247,0.010456497,0.992233169,0.006042693,0.989035055,0.008389837,29,39,32,23,28,249,272,202,122,384
RobustScaler + SMOTE_Class_5,725,297,317,4,13,0.006500412,0.967194034,0.01273777,0.013494914,9.70E-05,0.991701866,-836.4639869,466.9762283,5.30E-10,0.98483766,0.011786813,0.984581319,0.012050215,0.989513265,0.008777334,0.980486286,0.014471697,0.984878456,0.011731713,39,23,29,31,20,361,374,472,599,86
RobustScaler + SVMSMOTE_Class_5,723,291,418,4,11,0.00345532,0.951704333,0.034234901,0.009860239,0.000987,0.994895558,-269.8633962,948.4235793,3.76E-10,0.970925409,0.018100551,0.971291586,0.017849137,0.971214947,0.01569674,0.972871748,0.01883075,0.97155882,0.017644191,28,36,32,44,17,197,184,142,275,153
StandardScaler + ADASYN_CLASS_5,576,297,429,3,11,0.009058474,0.956798173,0.018627636,0.015450409,4.60E-05,0.999199279,-709.8914223,965.2730897,3.76E-10,0.984774011,0.015225989,0.984319444,0.015680556,0.975042318,0.024957682,0.996875,0.003125,0.985684513,0.014315487,42,26,25,60,21,937,432,224,739,325
StandardScaler +  BorderlineSMOTE_Class_5,947,265,379,6,16,0.027219402,0.953777537,0.006064863,0.012655796,4.20E-05,0.997411801,-96.67468779,224.199924,9.81E-10,0.98562862,0.005911106,0.985555306,0.006234419,0.978144454,0.007810732,0.989831804,0.006498471,0.983814524,0.007252669,25,37,31,41,16,168,654,440,337,136
StandardScaler + KMeansSMOTE_Class_5,612,226,252,5,10,0.002714055,0.971122419,0.023683948,0.002450245,0.000138,0.998466969,-319.5810841,970.9863473,3.54E-10,0.98480226,0.01519774,0.984653022,0.015346978,0.986263827,0.013736173,0.983520115,0.016479885,0.984674419,0.015325581,32,22,30,36,27,370,170,404,299,211
StandardScaler + SMOTE_Class_5,971,248,260,6,12,0.017483581,0.966325141,0.006261981,0.008979634,0.000673,0.99259155,-569.5278743,442.7098335,2.22E-10,0.97212222,0.019410355,0.971410052,0.020117868,0.974749433,0.016584644,0.967026162,0.024307915,0.970495006,0.02083907,37,43,46,54,29,324,669,406,282,442
StandardScaler + SVMSMOTE_Class_5,840,278,429,5,14,0.026107619,0.963191574,0.004583712,0.005658943,0.000791,0.994290299,-775.0442281,374.7593348,8.77E-10,0.983164199,0.003333691,0.983527085,0.002903102,0.97847131,0.007590084,0.985799566,8.53E-05,0.981916526,0.004026697,21,45,32,18,17,177,498,182,97,166
